138.4,Jun-25,Jun-25,K02000001,United Kingdom,CP00,Overall Index
138,May-25,May-25,K02000001,United Kingdom,CP00,Overall Index
137.7,Apr-25,Apr-25,K02000001,United Kingdom,CP00,Overall Index
136.1,Mar-25,Mar-25,K02000001,United Kingdom,CP00,Overall Index
135.6,Feb-25,Feb-25,K02000001,United Kingdom,CP00,Overall Index
135.1,Jan-25,Jan-25,K02000001,United Kingdom,CP00,Overall Index
135.1,Dec-24,Dec-24,K02000001,United Kingdom,CP00,Overall Index
134.6,Nov-24,Nov-24,K02000001,United Kingdom,CP00,Overall Index
134.3,Oct-24,Oct-24,K02000001,United Kingdom,CP00,Overall Index
133.5,Sep-24,Sep-24,K02000001,United Kingdom,CP00,Overall Index
133.4,Aug-24,Aug-24,K02000001,United Kingdom,CP00,Overall Index
132.9,Jul-24,Jul-24,K02000001,United Kingdom,CP00,Overall Index
133,Jun-24,Jun-24,K02000001,United Kingdom,CP00,Overall Index
132.7,May-24,May-24,K02000001,United Kingdom,CP00,Overall Index
132.2,Apr-24,Apr-24,K02000001,United Kingdom,CP00,Overall Index
131.6,Mar-24,Mar-24,K02000001,United Kingdom,CP00,Overall Index
130.8,Feb-24,Feb-24,K02000001,United Kingdom,CP00,Overall Index
130,Jan-24,Jan-24,K02000001,United Kingdom,CP00,Overall Index
130.5,Dec-23,Dec-23,K02000001,United Kingdom,CP00,Overall Index
130,Nov-23,Nov-23,K02000001,United Kingdom,CP00,Overall Index
130.2,Oct-23,Oct-23,K02000001,United Kingdom,CP00,Overall Index
130.1,Sep-23,Sep-23,K02000001,United Kingdom,CP00,Overall Index
129.4,Aug-23,Aug-23,K02000001,United Kingdom,CP00,Overall Index
129,Jul-23,Jul-23,K02000001,United Kingdom,CP00,Overall Index
129.4,Jun-23,Jun-23,K02000001,United Kingdom,CP00,Overall Index
129.1,May-23,May-23,K02000001,United Kingdom,CP00,Overall Index
128.3,Apr-23,Apr-23,K02000001,United Kingdom,CP00,Overall Index
126.8,Mar-23,Mar-23,K02000001,United Kingdom,CP00,Overall Index
126,Feb-23,Feb-23,K02000001,United Kingdom,CP00,Overall Index
124.8,Jan-23,Jan-23,K02000001,United Kingdom,CP00,Overall Index
125.3,Dec-22,Dec-22,K02000001,United Kingdom,CP00,Overall Index
124.8,Nov-22,Nov-22,K02000001,United Kingdom,CP00,Overall Index
124.3,Oct-22,Oct-22,K02000001,United Kingdom,CP00,Overall Index
122.3,Sep-22,Sep-22,K02000001,United Kingdom,CP00,Overall Index
121.8,Aug-22,Aug-22,K02000001,United Kingdom,CP00,Overall Index
121.2,Jul-22,Jul-22,K02000001,United Kingdom,CP00,Overall Index
120.5,Jun-22,Jun-22,K02000001,United Kingdom,CP00,Overall Index
119.7,May-22,May-22,K02000001,United Kingdom,CP00,Overall Index
119,Apr-22,Apr-22,K02000001,United Kingdom,CP00,Overall Index
116.5,Mar-22,Mar-22,K02000001,United Kingdom,CP00,Overall Index
115.4,Feb-22,Feb-22,K02000001,United Kingdom,CP00,Overall Index
114.6,Jan-22,Jan-22,K02000001,United Kingdom,CP00,Overall Index
114.682,Dec-21,Dec-21,K02000001,United Kingdom,CP00,Overall Index
114.1,Nov-21,Nov-21,K02000001,United Kingdom,CP00,Overall Index
113.4,Oct-21,Oct-21,K02000001,United Kingdom,CP00,Overall Index
112.4,Sep-21,Sep-21,K02000001,United Kingdom,CP00,Overall Index
112.1,Aug-21,Aug-21,K02000001,United Kingdom,CP00,Overall Index
111.4,Jul-21,Jul-21,K02000001,United Kingdom,CP00,Overall Index
111.4,Jun-21,Jun-21,K02000001,United Kingdom,CP00,Overall Index
111,May-21,May-21,K02000001,United Kingdom,CP00,Overall Index
110.4,Apr-21,Apr-21,K02000001,United Kingdom,CP00,Overall Index
109.7,Mar-21,Mar-21,K02000001,United Kingdom,CP00,Overall Index
109.4,Feb-21,Feb-21,K02000001,United Kingdom,CP00,Overall Index
109.3,Jan-21,Jan-21,K02000001,United Kingdom,CP00,Overall Index
109.4,Dec-20,Dec-20,K02000001,United Kingdom,CP00,Overall Index
109.1,Nov-20,Nov-20,K02000001,United Kingdom,CP00,Overall Index
109.2,Oct-20,Oct-20,K02000001,United Kingdom,CP00,Overall Index
109.2,Sep-20,Sep-20,K02000001,United Kingdom,CP00,Overall Index
108.8,Aug-20,Aug-20,K02000001,United Kingdom,CP00,Overall Index
109.2,Jul-20,Jul-20,K02000001,United Kingdom,CP00,Overall Index
108.8,Jun-20,Jun-20,K02000001,United Kingdom,CP00,Overall Index
108.6,May-20,May-20,K02000001,United Kingdom,CP00,Overall Index
108.6,Apr-20,Apr-20,K02000001,United Kingdom,CP00,Overall Index
108.6,Mar-20,Mar-20,K02000001,United Kingdom,CP00,Overall Index
108.6,Feb-20,Feb-20,K02000001,United Kingdom,CP00,Overall Index
108.3,Jan-20,Jan-20,K02000001,United Kingdom,CP00,Overall Index
108.5,Dec-19,Dec-19,K02000001,United Kingdom,CP00,Overall Index
108.5,Nov-19,Nov-19,K02000001,United Kingdom,CP00,Overall Index
108.3,Oct-19,Oct-19,K02000001,United Kingdom,CP00,Overall Index
108.4,Sep-19,Sep-19,K02000001,United Kingdom,CP00,Overall Index
108.3,Aug-19,Aug-19,K02000001,United Kingdom,CP00,Overall Index
108,Jul-19,Jul-19,K02000001,United Kingdom,CP00,Overall Index
107.9,Jun-19,Jun-19,K02000001,United Kingdom,CP00,Overall Index
107.9,May-19,May-19,K02000001,United Kingdom,CP00,Overall Index
107.6,Apr-19,Apr-19,K02000001,United Kingdom,CP00,Overall Index
107,Mar-19,Mar-19,K02000001,United Kingdom,CP00,Overall Index
106.8,Feb-19,Feb-19,K02000001,United Kingdom,CP00,Overall Index
106.4,Jan-19,Jan-19,K02000001,United Kingdom,CP00,Overall Index
107.1,Dec-18,Dec-18,K02000001,United Kingdom,CP00,Overall Index
106.9,Nov-18,Nov-18,K02000001,United Kingdom,CP00,Overall Index
106.7,Oct-18,Oct-18,K02000001,United Kingdom,CP00,Overall Index
106.6,Sep-18,Sep-18,K02000001,United Kingdom,CP00,Overall Index
106.5,Aug-18,Aug-18,K02000001,United Kingdom,CP00,Overall Index
105.9,Jul-18,Jul-18,K02000001,United Kingdom,CP00,Overall Index
105.9,Jun-18,Jun-18,K02000001,United Kingdom,CP00,Overall Index
105.9,May-18,May-18,K02000001,United Kingdom,CP00,Overall Index
105.5,Apr-18,Apr-18,K02000001,United Kingdom,CP00,Overall Index
105.1,Mar-18,Mar-18,K02000001,United Kingdom,CP00,Overall Index
104.9,Feb-18,Feb-18,K02000001,United Kingdom,CP00,Overall Index
104.5,Jan-18,Jan-18,K02000001,United Kingdom,CP00,Overall Index
105,Dec-17,Dec-17,K02000001,United Kingdom,CP00,Overall Index
104.7,Nov-17,Nov-17,K02000001,United Kingdom,CP00,Overall Index
104.4,Oct-17,Oct-17,K02000001,United Kingdom,CP00,Overall Index
104.3,Sep-17,Sep-17,K02000001,United Kingdom,CP00,Overall Index
104,Aug-17,Aug-17,K02000001,United Kingdom,CP00,Overall Index
103.5,Jul-17,Jul-17,K02000001,United Kingdom,CP00,Overall Index
103.5,Jun-17,Jun-17,K02000001,United Kingdom,CP00,Overall Index
103.5,May-17,May-17,K02000001,United Kingdom,CP00,Overall Index
103.2,Apr-17,Apr-17,K02000001,United Kingdom,CP00,Overall Index
102.7,Mar-17,Mar-17,K02000001,United Kingdom,CP00,Overall Index
102.4,Feb-17,Feb-17,K02000001,United Kingdom,CP00,Overall Index
101.8,Jan-17,Jan-17,K02000001,United Kingdom,CP00,Overall Index
102.2,Dec-16,Dec-16,K02000001,United Kingdom,CP00,Overall Index
101.8,Nov-16,Nov-16,K02000001,United Kingdom,CP00,Overall Index
101.6,Oct-16,Oct-16,K02000001,United Kingdom,CP00,Overall Index
101.5,Sep-16,Sep-16,K02000001,United Kingdom,CP00,Overall Index
101.2,Aug-16,Aug-16,K02000001,United Kingdom,CP00,Overall Index
100.9,Jul-16,Jul-16,K02000001,United Kingdom,CP00,Overall Index
101,Jun-16,Jun-16,K02000001,United Kingdom,CP00,Overall Index
100.8,May-16,May-16,K02000001,United Kingdom,CP00,Overall Index
100.6,Apr-16,Apr-16,K02000001,United Kingdom,CP00,Overall Index
100.4,Mar-16,Mar-16,K02000001,United Kingdom,CP00,Overall Index
100.1,Feb-16,Feb-16,K02000001,United Kingdom,CP00,Overall Index
99.9,Jan-16,Jan-16,K02000001,United Kingdom,CP00,Overall Index
100.4,Dec-15,Dec-15,K02000001,United Kingdom,CP00,Overall Index
100.3,Nov-15,Nov-15,K02000001,United Kingdom,CP00,Overall Index
100.3,Oct-15,Oct-15,K02000001,United Kingdom,CP00,Overall Index
100.2,Sep-15,Sep-15,K02000001,United Kingdom,CP00,Overall Index
100.3,Aug-15,Aug-15,K02000001,United Kingdom,CP00,Overall Index
100,Jul-15,Jul-15,K02000001,United Kingdom,CP00,Overall Index
100.1,Jun-15,Jun-15,K02000001,United Kingdom,CP00,Overall Index
100.1,May-15,May-15,K02000001,United Kingdom,CP00,Overall Index
99.9,Apr-15,Apr-15,K02000001,United Kingdom,CP00,Overall Index
99.6,Mar-15,Mar-15,K02000001,United Kingdom,CP00,Overall Index
99.5,Feb-15,Feb-15,K02000001,United Kingdom,CP00,Overall Index
99.2,Jan-15,Jan-15,K02000001,United Kingdom,CP00,Overall Index
99.9,Dec-14,Dec-14,K02000001,United Kingdom,CP00,Overall Index
99.9,Nov-14,Nov-14,K02000001,United Kingdom,CP00,Overall Index
100.1,Oct-14,Oct-14,K02000001,United Kingdom,CP00,Overall Index
100,Sep-14,Sep-14,K02000001,United Kingdom,CP00,Overall Index
99.9,Aug-14,Aug-14,K02000001,United Kingdom,CP00,Overall Index
99.6,Jul-14,Jul-14,K02000001,United Kingdom,CP00,Overall Index
99.8,Jun-14,Jun-14,K02000001,United Kingdom,CP00,Overall Index
99.6,May-14,May-14,K02000001,United Kingdom,CP00,Overall Index
99.6,Apr-14,Apr-14,K02000001,United Kingdom,CP00,Overall Index
99.3,Mar-14,Mar-14,K02000001,United Kingdom,CP00,Overall Index
99.1,Feb-14,Feb-14,K02000001,United Kingdom,CP00,Overall Index
98.7,Jan-14,Jan-14,K02000001,United Kingdom,CP00,Overall Index
99.2,Dec-13,Dec-13,K02000001,United Kingdom,CP00,Overall Index
98.8,Nov-13,Nov-13,K02000001,United Kingdom,CP00,Overall Index
98.8,Oct-13,Oct-13,K02000001,United Kingdom,CP00,Overall Index
98.7,Sep-13,Sep-13,K02000001,United Kingdom,CP00,Overall Index
98.4,Aug-13,Aug-13,K02000001,United Kingdom,CP00,Overall Index
98,Jul-13,Jul-13,K02000001,United Kingdom,CP00,Overall Index
98,Jun-13,Jun-13,K02000001,United Kingdom,CP00,Overall Index
98.2,May-13,May-13,K02000001,United Kingdom,CP00,Overall Index
98,Apr-13,Apr-13,K02000001,United Kingdom,CP00,Overall Index
97.8,Mar-13,Mar-13,K02000001,United Kingdom,CP00,Overall Index
97.5,Feb-13,Feb-13,K02000001,United Kingdom,CP00,Overall Index
97,Jan-13,Jan-13,K02000001,United Kingdom,CP00,Overall Index
97.3,Dec-12,Dec-12,K02000001,United Kingdom,CP00,Overall Index
97,Nov-12,Nov-12,K02000001,United Kingdom,CP00,Overall Index
96.8,Oct-12,Oct-12,K02000001,United Kingdom,CP00,Overall Index
96.4,Sep-12,Sep-12,K02000001,United Kingdom,CP00,Overall Index
96.1,Aug-12,Aug-12,K02000001,United Kingdom,CP00,Overall Index
95.7,Jul-12,Jul-12,K02000001,United Kingdom,CP00,Overall Index
95.6,Jun-12,Jun-12,K02000001,United Kingdom,CP00,Overall Index
95.9,May-12,May-12,K02000001,United Kingdom,CP00,Overall Index
95.9,Apr-12,Apr-12,K02000001,United Kingdom,CP00,Overall Index
95.4,Mar-12,Mar-12,K02000001,United Kingdom,CP00,Overall Index
95.2,Feb-12,Feb-12,K02000001,United Kingdom,CP00,Overall Index
94.7,Jan-12,Jan-12,K02000001,United Kingdom,CP00,Overall Index
95,Dec-11,Dec-11,K02000001,United Kingdom,CP00,Overall Index
94.7,Nov-11,Nov-11,K02000001,United Kingdom,CP00,Overall Index
94.5,Oct-11,Oct-11,K02000001,United Kingdom,CP00,Overall Index
94.5,Sep-11,Sep-11,K02000001,United Kingdom,CP00,Overall Index
93.9,Aug-11,Aug-11,K02000001,United Kingdom,CP00,Overall Index
93.5,Jul-11,Jul-11,K02000001,United Kingdom,CP00,Overall Index
93.5,Jun-11,Jun-11,K02000001,United Kingdom,CP00,Overall Index
93.5,May-11,May-11,K02000001,United Kingdom,CP00,Overall Index
93.3,Apr-11,Apr-11,K02000001,United Kingdom,CP00,Overall Index
92.6,Mar-11,Mar-11,K02000001,United Kingdom,CP00,Overall Index
92.3,Feb-11,Feb-11,K02000001,United Kingdom,CP00,Overall Index
91.8,Jan-11,Jan-11,K02000001,United Kingdom,CP00,Overall Index
91.7,Dec-10,Dec-10,K02000001,United Kingdom,CP00,Overall Index
90.9,Nov-10,Nov-10,K02000001,United Kingdom,CP00,Overall Index
90.6,Oct-10,Oct-10,K02000001,United Kingdom,CP00,Overall Index
90.4,Sep-10,Sep-10,K02000001,United Kingdom,CP00,Overall Index
90.4,Aug-10,Aug-10,K02000001,United Kingdom,CP00,Overall Index
90,Jul-10,Jul-10,K02000001,United Kingdom,CP00,Overall Index
90.2,Jun-10,Jun-10,K02000001,United Kingdom,CP00,Overall Index
90.1,May-10,May-10,K02000001,United Kingdom,CP00,Overall Index
89.9,Apr-10,Apr-10,K02000001,United Kingdom,CP00,Overall Index
89.4,Mar-10,Mar-10,K02000001,United Kingdom,CP00,Overall Index
89,Feb-10,Feb-10,K02000001,United Kingdom,CP00,Overall Index
88.8,Jan-10,Jan-10,K02000001,United Kingdom,CP00,Overall Index
88.9,Dec-09,Dec-09,K02000001,United Kingdom,CP00,Overall Index
88.6,Nov-09,Nov-09,K02000001,United Kingdom,CP00,Overall Index
88.4,Oct-09,Oct-09,K02000001,United Kingdom,CP00,Overall Index
88.3,Sep-09,Sep-09,K02000001,United Kingdom,CP00,Overall Index
88.3,Aug-09,Aug-09,K02000001,United Kingdom,CP00,Overall Index
88,Jul-09,Jul-09,K02000001,United Kingdom,CP00,Overall Index
88.1,Jun-09,Jun-09,K02000001,United Kingdom,CP00,Overall Index
87.9,May-09,May-09,K02000001,United Kingdom,CP00,Overall Index
87.5,Apr-09,Apr-09,K02000001,United Kingdom,CP00,Overall Index
87.3,Mar-09,Mar-09,K02000001,United Kingdom,CP00,Overall Index
87.2,Feb-09,Feb-09,K02000001,United Kingdom,CP00,Overall Index
86.6,Jan-09,Jan-09,K02000001,United Kingdom,CP00,Overall Index
87.1,Dec-08,Dec-08,K02000001,United Kingdom,CP00,Overall Index
87.3,Nov-08,Nov-08,K02000001,United Kingdom,CP00,Overall Index
87.3,Oct-08,Oct-08,K02000001,United Kingdom,CP00,Overall Index
87.5,Sep-08,Sep-08,K02000001,United Kingdom,CP00,Overall Index
87.1,Aug-08,Aug-08,K02000001,United Kingdom,CP00,Overall Index
86.6,Jul-08,Jul-08,K02000001,United Kingdom,CP00,Overall Index
86.6,Jun-08,Jun-08,K02000001,United Kingdom,CP00,Overall Index
86.1,May-08,May-08,K02000001,United Kingdom,CP00,Overall Index
85.6,Apr-08,Apr-08,K02000001,United Kingdom,CP00,Overall Index
84.9,Mar-08,Mar-08,K02000001,United Kingdom,CP00,Overall Index
84.6,Feb-08,Feb-08,K02000001,United Kingdom,CP00,Overall Index
84.1,Jan-08,Jan-08,K02000001,United Kingdom,CP00,Overall Index
84.5,Dec-07,Dec-07,K02000001,United Kingdom,CP00,Overall Index
84.1,Nov-07,Nov-07,K02000001,United Kingdom,CP00,Overall Index
83.8,Oct-07,Oct-07,K02000001,United Kingdom,CP00,Overall Index
83.5,Sep-07,Sep-07,K02000001,United Kingdom,CP00,Overall Index
83.4,Aug-07,Aug-07,K02000001,United Kingdom,CP00,Overall Index
83.1,Jul-07,Jul-07,K02000001,United Kingdom,CP00,Overall Index
83.5,Jun-07,Jun-07,K02000001,United Kingdom,CP00,Overall Index
83.3,May-07,May-07,K02000001,United Kingdom,CP00,Overall Index
83.1,Apr-07,Apr-07,K02000001,United Kingdom,CP00,Overall Index
82.8,Mar-07,Mar-07,K02000001,United Kingdom,CP00,Overall Index
82.4,Feb-07,Feb-07,K02000001,United Kingdom,CP00,Overall Index
82.1,Jan-07,Jan-07,K02000001,United Kingdom,CP00,Overall Index
82.6,Dec-06,Dec-06,K02000001,United Kingdom,CP00,Overall Index
82.2,Nov-06,Nov-06,K02000001,United Kingdom,CP00,Overall Index
82,Oct-06,Oct-06,K02000001,United Kingdom,CP00,Overall Index
81.9,Sep-06,Sep-06,K02000001,United Kingdom,CP00,Overall Index
81.8,Aug-06,Aug-06,K02000001,United Kingdom,CP00,Overall Index
81.5,Jul-06,Jul-06,K02000001,United Kingdom,CP00,Overall Index
81.5,Jun-06,Jun-06,K02000001,United Kingdom,CP00,Overall Index
81.3,May-06,May-06,K02000001,United Kingdom,CP00,Overall Index
80.9,Apr-06,Apr-06,K02000001,United Kingdom,CP00,Overall Index
80.4,Mar-06,Mar-06,K02000001,United Kingdom,CP00,Overall Index
80.2,Feb-06,Feb-06,K02000001,United Kingdom,CP00,Overall Index
80,Jan-06,Jan-06,K02000001,United Kingdom,CP00,Overall Index
80.3,Dec-05,Dec-05,K02000001,United Kingdom,CP00,Overall Index
80,Nov-05,Nov-05,K02000001,United Kingdom,CP00,Overall Index
80,Oct-05,Oct-05,K02000001,United Kingdom,CP00,Overall Index
79.9,Sep-05,Sep-05,K02000001,United Kingdom,CP00,Overall Index
79.7,Aug-05,Aug-05,K02000001,United Kingdom,CP00,Overall Index
79.5,Jul-05,Jul-05,K02000001,United Kingdom,CP00,Overall Index
79.4,Jun-05,Jun-05,K02000001,United Kingdom,CP00,Overall Index
79.4,May-05,May-05,K02000001,United Kingdom,CP00,Overall Index
79.1,Apr-05,Apr-05,K02000001,United Kingdom,CP00,Overall Index
78.8,Mar-05,Mar-05,K02000001,United Kingdom,CP00,Overall Index
78.5,Feb-05,Feb-05,K02000001,United Kingdom,CP00,Overall Index
78.3,Jan-05,Jan-05,K02000001,United Kingdom,CP00,Overall Index
78.6,Dec-04,Dec-04,K02000001,United Kingdom,CP00,Overall Index
78.3,Nov-04,Nov-04,K02000001,United Kingdom,CP00,Overall Index
78.1,Oct-04,Oct-04,K02000001,United Kingdom,CP00,Overall Index
77.9,Sep-04,Sep-04,K02000001,United Kingdom,CP00,Overall Index
77.9,Aug-04,Aug-04,K02000001,United Kingdom,CP00,Overall Index
77.7,Jul-04,Jul-04,K02000001,United Kingdom,CP00,Overall Index
77.9,Jun-04,Jun-04,K02000001,United Kingdom,CP00,Overall Index
77.9,May-04,May-04,K02000001,United Kingdom,CP00,Overall Index
77.6,Apr-04,Apr-04,K02000001,United Kingdom,CP00,Overall Index
77.3,Mar-04,Mar-04,K02000001,United Kingdom,CP00,Overall Index
77.2,Feb-04,Feb-04,K02000001,United Kingdom,CP00,Overall Index
77,Jan-04,Jan-04,K02000001,United Kingdom,CP00,Overall Index
77.3,Dec-03,Dec-03,K02000001,United Kingdom,CP00,Overall Index
77.1,Nov-03,Nov-03,K02000001,United Kingdom,CP00,Overall Index
77.1,Oct-03,Oct-03,K02000001,United Kingdom,CP00,Overall Index
77,Sep-03,Sep-03,K02000001,United Kingdom,CP00,Overall Index
76.8,Aug-03,Aug-03,K02000001,United Kingdom,CP00,Overall Index
76.6,Jul-03,Jul-03,K02000001,United Kingdom,CP00,Overall Index
76.7,Jun-03,Jun-03,K02000001,United Kingdom,CP00,Overall Index
76.8,May-03,May-03,K02000001,United Kingdom,CP00,Overall Index
76.8,Apr-03,Apr-03,K02000001,United Kingdom,CP00,Overall Index
76.4,Mar-03,Mar-03,K02000001,United Kingdom,CP00,Overall Index
76.1,Feb-03,Feb-03,K02000001,United Kingdom,CP00,Overall Index
75.9,Jan-03,Jan-03,K02000001,United Kingdom,CP00,Overall Index
76.3,Dec-02,Dec-02,K02000001,United Kingdom,CP00,Overall Index
76.1,Nov-02,Nov-02,K02000001,United Kingdom,CP00,Overall Index
76.1,Oct-02,Oct-02,K02000001,United Kingdom,CP00,Overall Index
76,Sep-02,Sep-02,K02000001,United Kingdom,CP00,Overall Index
75.8,Aug-02,Aug-02,K02000001,United Kingdom,CP00,Overall Index
75.6,Jul-02,Jul-02,K02000001,United Kingdom,CP00,Overall Index
75.8,Jun-02,Jun-02,K02000001,United Kingdom,CP00,Overall Index
75.8,May-02,May-02,K02000001,United Kingdom,CP00,Overall Index
75.6,Apr-02,Apr-02,K02000001,United Kingdom,CP00,Overall Index
75.2,Mar-02,Mar-02,K02000001,United Kingdom,CP00,Overall Index
75,Feb-02,Feb-02,K02000001,United Kingdom,CP00,Overall Index
74.8,Jan-02,Jan-02,K02000001,United Kingdom,CP00,Overall Index
75,Dec-01,Dec-01,K02000001,United Kingdom,CP00,Overall Index
74.9,Nov-01,Nov-01,K02000001,United Kingdom,CP00,Overall Index
74.9,Oct-01,Oct-01,K02000001,United Kingdom,CP00,Overall Index
75,Sep-01,Sep-01,K02000001,United Kingdom,CP00,Overall Index
74.8,Aug-01,Aug-01,K02000001,United Kingdom,CP00,Overall Index
74.5,Jul-01,Jul-01,K02000001,United Kingdom,CP00,Overall Index
75,Jun-01,Jun-01,K02000001,United Kingdom,CP00,Overall Index
74.9,May-01,May-01,K02000001,United Kingdom,CP00,Overall Index
74.4,Apr-01,Apr-01,K02000001,United Kingdom,CP00,Overall Index
73.9,Mar-01,Mar-01,K02000001,United Kingdom,CP00,Overall Index
73.7,Feb-01,Feb-01,K02000001,United Kingdom,CP00,Overall Index
73.5,Jan-01,Jan-01,K02000001,United Kingdom,CP00,Overall Index
74,Dec-00,Dec-00,K02000001,United Kingdom,CP00,Overall Index
74,Nov-00,Nov-00,K02000001,United Kingdom,CP00,Overall Index
73.8,Oct-00,Oct-00,K02000001,United Kingdom,CP00,Overall Index
73.8,Sep-00,Sep-00,K02000001,United Kingdom,CP00,Overall Index
73.3,Aug-00,Aug-00,K02000001,United Kingdom,CP00,Overall Index
73.3,Jul-00,Jul-00,K02000001,United Kingdom,CP00,Overall Index
73.6,Jun-00,Jun-00,K02000001,United Kingdom,CP00,Overall Index
73.5,May-00,May-00,K02000001,United Kingdom,CP00,Overall Index
73.3,Apr-00,Apr-00,K02000001,United Kingdom,CP00,Overall Index
73,Mar-00,Mar-00,K02000001,United Kingdom,CP00,Overall Index
72.8,Feb-00,Feb-00,K02000001,United Kingdom,CP00,Overall Index
72.6,Jan-00,Jan-00,K02000001,United Kingdom,CP00,Overall Index
73.1,Dec-99,Dec-99,K02000001,United Kingdom,CP00,Overall Index
72.9,Nov-99,Nov-99,K02000001,United Kingdom,CP00,Overall Index
72.8,Oct-99,Oct-99,K02000001,United Kingdom,CP00,Overall Index
72.8,Sep-99,Sep-99,K02000001,United Kingdom,CP00,Overall Index
72.6,Aug-99,Aug-99,K02000001,United Kingdom,CP00,Overall Index
72.4,Jul-99,Jul-99,K02000001,United Kingdom,CP00,Overall Index
72.7,Jun-99,Jun-99,K02000001,United Kingdom,CP00,Overall Index
72.8,May-99,May-99,K02000001,United Kingdom,CP00,Overall Index
72.6,Apr-99,Apr-99,K02000001,United Kingdom,CP00,Overall Index
72.3,Mar-99,Mar-99,K02000001,United Kingdom,CP00,Overall Index
71.9,Feb-99,Feb-99,K02000001,United Kingdom,CP00,Overall Index
71.8,Jan-99,Jan-99,K02000001,United Kingdom,CP00,Overall Index
72,Dec-98,Dec-98,K02000001,United Kingdom,CP00,Overall Index
71.8,Nov-98,Nov-98,K02000001,United Kingdom,CP00,Overall Index
71.7,Oct-98,Oct-98,K02000001,United Kingdom,CP00,Overall Index
71.7,Sep-98,Sep-98,K02000001,United Kingdom,CP00,Overall Index
71.4,Aug-98,Aug-98,K02000001,United Kingdom,CP00,Overall Index
71.2,Jul-98,Jul-98,K02000001,United Kingdom,CP00,Overall Index
71.4,Jun-98,Jun-98,K02000001,United Kingdom,CP00,Overall Index
71.5,May-98,May-98,K02000001,United Kingdom,CP00,Overall Index
71.2,Apr-98,Apr-98,K02000001,United Kingdom,CP00,Overall Index
70.8,Mar-98,Mar-98,K02000001,United Kingdom,CP00,Overall Index
70.6,Feb-98,Feb-98,K02000001,United Kingdom,CP00,Overall Index
70.4,Jan-98,Jan-98,K02000001,United Kingdom,CP00,Overall Index
70.7,Dec-97,Dec-97,K02000001,United Kingdom,CP00,Overall Index
70.6,Nov-97,Nov-97,K02000001,United Kingdom,CP00,Overall Index
70.6,Oct-97,Oct-97,K02000001,United Kingdom,CP00,Overall Index
70.5,Sep-97,Sep-97,K02000001,United Kingdom,CP00,Overall Index
70.3,Aug-97,Aug-97,K02000001,United Kingdom,CP00,Overall Index
70,Jul-97,Jul-97,K02000001,United Kingdom,CP00,Overall Index
70.1,Jun-97,Jun-97,K02000001,United Kingdom,CP00,Overall Index
70,May-97,May-97,K02000001,United Kingdom,CP00,Overall Index
69.7,Apr-97,Apr-97,K02000001,United Kingdom,CP00,Overall Index
69.4,Mar-97,Mar-97,K02000001,United Kingdom,CP00,Overall Index
69.3,Feb-97,Feb-97,K02000001,United Kingdom,CP00,Overall Index
69.2,Jan-97,Jan-97,K02000001,United Kingdom,CP00,Overall Index
69.4,Dec-96,Dec-96,K02000001,United Kingdom,CP00,Overall Index
69.2,Nov-96,Nov-96,K02000001,United Kingdom,CP00,Overall Index
69.1,Oct-96,Oct-96,K02000001,United Kingdom,CP00,Overall Index
69,Sep-96,Sep-96,K02000001,United Kingdom,CP00,Overall Index
68.7,Aug-96,Aug-96,K02000001,United Kingdom,CP00,Overall Index
68.3,Jul-96,Jul-96,K02000001,United Kingdom,CP00,Overall Index
68.7,Jun-96,Jun-96,K02000001,United Kingdom,CP00,Overall Index
68.6,May-96,May-96,K02000001,United Kingdom,CP00,Overall Index
68.3,Apr-96,Apr-96,K02000001,United Kingdom,CP00,Overall Index
67.9,Mar-96,Mar-96,K02000001,United Kingdom,CP00,Overall Index
67.7,Feb-96,Feb-96,K02000001,United Kingdom,CP00,Overall Index
67.4,Jan-96,Jan-96,K02000001,United Kingdom,CP00,Overall Index
67.5,Dec-95,Dec-95,K02000001,United Kingdom,CP00,Overall Index
67.1,Nov-95,Nov-95,K02000001,United Kingdom,CP00,Overall Index
67.1,Oct-95,Oct-95,K02000001,United Kingdom,CP00,Overall Index
67.2,Sep-95,Sep-95,K02000001,United Kingdom,CP00,Overall Index
66.9,Aug-95,Aug-95,K02000001,United Kingdom,CP00,Overall Index
66.6,Jul-95,Jul-95,K02000001,United Kingdom,CP00,Overall Index
66.8,Jun-95,Jun-95,K02000001,United Kingdom,CP00,Overall Index
66.7,May-95,May-95,K02000001,United Kingdom,CP00,Overall Index
66.4,Apr-95,Apr-95,K02000001,United Kingdom,CP00,Overall Index
66,Mar-95,Mar-95,K02000001,United Kingdom,CP00,Overall Index
65.7,Feb-95,Feb-95,K02000001,United Kingdom,CP00,Overall Index
65.5,Jan-95,Jan-95,K02000001,United Kingdom,CP00,Overall Index
65.5,Dec-94,Dec-94,K02000001,United Kingdom,CP00,Overall Index
65.2,Nov-94,Nov-94,K02000001,United Kingdom,CP00,Overall Index
65.1,Oct-94,Oct-94,K02000001,United Kingdom,CP00,Overall Index
65.2,Sep-94,Sep-94,K02000001,United Kingdom,CP00,Overall Index
65.1,Aug-94,Aug-94,K02000001,United Kingdom,CP00,Overall Index
64.7,Jul-94,Jul-94,K02000001,United Kingdom,CP00,Overall Index
65.1,Jun-94,Jun-94,K02000001,United Kingdom,CP00,Overall Index
65.1,May-94,May-94,K02000001,United Kingdom,CP00,Overall Index
64.9,Apr-94,Apr-94,K02000001,United Kingdom,CP00,Overall Index
64.4,Mar-94,Mar-94,K02000001,United Kingdom,CP00,Overall Index
64.2,Feb-94,Feb-94,K02000001,United Kingdom,CP00,Overall Index
64,Jan-94,Jan-94,K02000001,United Kingdom,CP00,Overall Index
64,Dec-93,Dec-93,K02000001,United Kingdom,CP00,Overall Index
63.8,Nov-93,Nov-93,K02000001,United Kingdom,CP00,Overall Index
64,Oct-93,Oct-93,K02000001,United Kingdom,CP00,Overall Index
64,Sep-93,Sep-93,K02000001,United Kingdom,CP00,Overall Index
63.7,Aug-93,Aug-93,K02000001,United Kingdom,CP00,Overall Index
63.4,Jul-93,Jul-93,K02000001,United Kingdom,CP00,Overall Index
63.6,Jun-93,Jun-93,K02000001,United Kingdom,CP00,Overall Index
63.6,May-93,May-93,K02000001,United Kingdom,CP00,Overall Index
63.4,Apr-93,Apr-93,K02000001,United Kingdom,CP00,Overall Index
63,Mar-93,Mar-93,K02000001,United Kingdom,CP00,Overall Index
62.7,Feb-93,Feb-93,K02000001,United Kingdom,CP00,Overall Index
62.4,Jan-93,Jan-93,K02000001,United Kingdom,CP00,Overall Index
62.6,Dec-92,Dec-92,K02000001,United Kingdom,CP00,Overall Index
62.5,Nov-92,Nov-92,K02000001,United Kingdom,CP00,Overall Index
62.5,Oct-92,Oct-92,K02000001,United Kingdom,CP00,Overall Index
62.3,Sep-92,Sep-92,K02000001,United Kingdom,CP00,Overall Index
62.1,Aug-92,Aug-92,K02000001,United Kingdom,CP00,Overall Index
62,Jul-92,Jul-92,K02000001,United Kingdom,CP00,Overall Index
62.2,Jun-92,Jun-92,K02000001,United Kingdom,CP00,Overall Index
62.2,May-92,May-92,K02000001,United Kingdom,CP00,Overall Index
61.8,Apr-92,Apr-92,K02000001,United Kingdom,CP00,Overall Index
61.1,Mar-92,Mar-92,K02000001,United Kingdom,CP00,Overall Index
60.8,Feb-92,Feb-92,K02000001,United Kingdom,CP00,Overall Index
60.5,Jan-92,Jan-92,K02000001,United Kingdom,CP00,Overall Index
60.7,Dec-91,Dec-91,K02000001,United Kingdom,CP00,Overall Index
60.5,Nov-91,Nov-91,K02000001,United Kingdom,CP00,Overall Index
60.4,Oct-91,Oct-91,K02000001,United Kingdom,CP00,Overall Index
60.1,Sep-91,Sep-91,K02000001,United Kingdom,CP00,Overall Index
59.9,Aug-91,Aug-91,K02000001,United Kingdom,CP00,Overall Index
59.3,Jul-91,Jul-91,K02000001,United Kingdom,CP00,Overall Index
59.5,Jun-91,Jun-91,K02000001,United Kingdom,CP00,Overall Index
59.2,May-91,May-91,K02000001,United Kingdom,CP00,Overall Index
58.7,Apr-91,Apr-91,K02000001,United Kingdom,CP00,Overall Index
57.5,Mar-91,Mar-91,K02000001,United Kingdom,CP00,Overall Index
57.2,Feb-91,Feb-91,K02000001,United Kingdom,CP00,Overall Index
57,Jan-91,Jan-91,K02000001,United Kingdom,CP00,Overall Index
57,Dec-90,Dec-90,K02000001,United Kingdom,CP00,Overall Index
56.9,Nov-90,Nov-90,K02000001,United Kingdom,CP00,Overall Index
56.7,Oct-90,Oct-90,K02000001,United Kingdom,CP00,Overall Index
56.2,Sep-90,Sep-90,K02000001,United Kingdom,CP00,Overall Index
55.7,Aug-90,Aug-90,K02000001,United Kingdom,CP00,Overall Index
55.2,Jul-90,Jul-90,K02000001,United Kingdom,CP00,Overall Index
55.2,Jun-90,Jun-90,K02000001,United Kingdom,CP00,Overall Index
55,May-90,May-90,K02000001,United Kingdom,CP00,Overall Index
54.4,Apr-90,Apr-90,K02000001,United Kingdom,CP00,Overall Index
53.1,Mar-90,Mar-90,K02000001,United Kingdom,CP00,Overall Index
52.9,Feb-90,Feb-90,K02000001,United Kingdom,CP00,Overall Index
52.4,Jan-90,Jan-90,K02000001,United Kingdom,CP00,Overall Index
52.2,Dec-89,Dec-89,K02000001,United Kingdom,CP00,Overall Index
52.1,Nov-89,Nov-89,K02000001,United Kingdom,CP00,Overall Index
51.9,Oct-89,Oct-89,K02000001,United Kingdom,CP00,Overall Index
51.5,Sep-89,Sep-89,K02000001,United Kingdom,CP00,Overall Index
51.1,Aug-89,Aug-89,K02000001,United Kingdom,CP00,Overall Index
51,Jul-89,Jul-89,K02000001,United Kingdom,CP00,Overall Index
51,Jun-89,Jun-89,K02000001,United Kingdom,CP00,Overall Index
50.9,May-89,May-89,K02000001,United Kingdom,CP00,Overall Index
50.5,Apr-89,Apr-89,K02000001,United Kingdom,CP00,Overall Index
50,Mar-89,Mar-89,K02000001,United Kingdom,CP00,Overall Index
49.7,Feb-89,Feb-89,K02000001,United Kingdom,CP00,Overall Index
49.5,Jan-89,Jan-89,K02000001,United Kingdom,CP00,Overall Index
49.3,Dec-88,Dec-88,K02000001,United Kingdom,CP00,Overall Index
49.3,Nov-88,Nov-88,K02000001,United Kingdom,CP00,Overall Index
49,Oct-88,Oct-88,K02000001,United Kingdom,CP00,Overall Index
48.7,Sep-88,Sep-88,K02000001,United Kingdom,CP00,Overall Index
48.5,Aug-88,Aug-88,K02000001,United Kingdom,CP00,Overall Index
48.2,Jul-88,Jul-88,K02000001,United Kingdom,CP00,Overall Index
48.2,Jun-88,Jun-88,K02000001,United Kingdom,CP00,Overall Index
48,May-88,May-88,K02000001,United Kingdom,CP00,Overall Index
47.8,Apr-88,Apr-88,K02000001,United Kingdom,CP00,Overall Index
47.2,Mar-88,Mar-88,K02000001,United Kingdom,CP00,Overall Index
47,Feb-88,Feb-88,K02000001,United Kingdom,CP00,Overall Index
46.9,Jan-88,Jan-88,K02000001,United Kingdom,CP00,Overall Index
